,strDrink,strAlcoholic,strCategory,strIngredient1,strIngredient2,strIngredient3,strIngredient4,strIngredient5,strIngredient6,strIngredient7,strIngredient8,strIngredient9,strIngredient10,strIngredient11,strIngredient12,strIngredient13,strIngredient14,strIngredient15
0,'57 Chevy with a White License Plate,Alcoholic,Cocktail,Creme de Cacao,Vodka,,,,,,,,,,,,,
1,1-900-FUK-MEUP,Alcoholic,Shot,Absolut Kurant,Grand Marnier,Chambord raspberry liqueur,Midori melon liqueur,Malibu rum,Amaretto,Cranberry juice,Pineapple juice,,,,,,,
2,110 in the shade,Alcoholic,Beer,Lager,Tequila,,,,,,,,,,,,,
3,151 Florida Bushwacker,Alcoholic,Milk / Float / Shake,Malibu rum,Light rum,151 proof rum,Dark Creme de Cacao,Cointreau,Milk,Coconut liqueur,Vanilla ice-cream,,,,,,,
4,155 Belmont,Alcoholic,Cocktail,Dark rum,Light rum,Vodka,Orange juice,,,,,,,,,,,
5,24k nightmare,Alcoholic,Shot,Goldschlager,Jägermeister,Rumple Minze,151 proof rum,,,,,,,,,,,
6,252,Alcoholic,Shot,151 proof rum,Wild Turkey,,,,,,,,,,,,,
7,3 Wise Men,Alcoholic,Shot,Jack Daniels,Johnnie Walker,Jim Beam,,,,,,,,,,,,
8,3-Mile Long Island Iced Tea,Alcoholic,Ordinary Drink,Gin,Light rum,Tequila,Triple sec,Vodka,Coca-Cola,Sweet and sour,Bitters,Lemon,,,,,,
9,410 Gone,Alcoholic,Ordinary Drink,Peach Vodka,Coca-Cola,,,,,,,,,,,,,
10,50/50,Alcoholic,Ordinary Drink,Vanilla vodka,Grand Marnier,Orange juice,,,,,,,,,,,,
11,501 Blue,Alcoholic,Ordinary Drink,Blue Curacao,Blueberry schnapps,Vodka,Sour mix,7-Up,,,,,,,,,,
12,69 Special,Alcoholic,Ordinary Drink,Gin,7-Up,Lemon juice,,,,,,,,,,,,
13,747,Alcoholic,Shot,Kahlua,Bailey's irish cream,Frangelico,,,,,,,,,,,,
14,9 1/2 Weeks,Alcoholic,Cocktail,Absolut Citron,Orange Curacao,Strawberry liqueur,Orange juice,,,,,,,,,,,
15,A Day at the Beach,Alcoholic,Ordinary Drink,Coconut rum,Amaretto,Orange juice,Grenadine,,,,,,,,,,,
16,A Furlong Too Late,Alcoholic,Ordinary Drink,Light rum,Ginger beer,Lemon peel,,,,,,,,,,,,
17,A Gilligan's Island,Alcoholic,Cocktail,Vodka,Peach schnapps,Orange juice,Cranberry juice,,,,,,,,,,,
18,A Night In Old Mandalay,Alcoholic,Ordinary Drink,Light rum,Añejo rum,Orange juice,Lemon juice,Ginger ale,Lemon peel,,,,,,,,,
19,A Piece of Ass,Alcoholic,Other/Unknown,Amaretto,Southern Comfort,Ice,Sour mix,,,,,,,,,,,
20,A Splash of Nash,Alcoholic,Shot,Cranberry juice,Soda water,Midori melon liqueur,Creme de Banane,,,,,,,,,,,
21,A True Amaretto Sour,Alcoholic,Cocktail,Amaretto,Lemon,Ice,Maraschino cherry,,,,,,,,,,,
22,A midsummernight dream,Alcoholic,Ordinary Drink,Vodka,Kirschwasser,Strawberry liqueur,Strawberries,Schweppes Russchian,,,,,,,,,,
23,A. J.,Alcoholic,Ordinary Drink,Applejack,Grapefruit juice,,,,,,,,,,,,,
24,A.D.M. (After Dinner Mint),Alcoholic,Cocktail,White Creme de Menthe,Southern Comfort,Vodka,Hot chocolate,,,,,,,,,,,
25,A1,Alcoholic,Cocktail,Gin,Grand Marnier,Lemon Juice,Grenadine,,,,,,,,,,,
26,ABC,Alcoholic,Shot,Amaretto,Bailey's irish cream,Cognac,,,,,,,,,,,,
27,ACID,Alcoholic,Shot,151 proof rum,Wild Turkey,,,,,,,,,,,,,
28,AT&T,Alcoholic,Ordinary Drink,Absolut Vodka,Gin,Tonic water,,,,,,,,,,,,
29,Abbey Cocktail,Alcoholic,Ordinary Drink,Gin,Orange bitters,Orange,Cherry,,,,,,,,,,,
30,Abbey Martini,Alcoholic,Cocktail,Gin,Sweet Vermouth,Orange Juice,Angostura Bitters,,,,,,,,,,,
31,Abilene,Alcoholic,Ordinary Drink,Dark rum,Peach nectar,Orange juice,,,,,,,,,,,,
32,Absinthe #2,Alcoholic,Homemade Liqueur,Vodka,Sugar,Anise,Licorice root,Wormwood,,,,,,,,,,
33,Absolut Evergreen,Alcoholic,Other/Unknown,Absolut Citron,Pisang Ambon,Ice,Bitter lemon,,,,,,,,,,,
34,Absolut Sex,Alcoholic,Shot,Absolut Kurant,Midori melon liqueur,Cranberry juice,Sprite,,,,,,,,,,,
35,Absolut Stress #2,Alcoholic,Ordinary Drink,Absolut Vodka,Peach schnapps,Coconut liqueur,Cranberry juice,Pineapple juice,,,,,,,,,,
36,Absolut Summertime,Alcoholic,Cocktail,Absolut Citron,Sweet and sour,Sprite,Soda water,Lemon,,,,,,,,,,
37,Absolut limousine,Alcoholic,Other/Unknown,Absolut Citron,Lime juice,Ice,Tonic water,,,,,,,,,,,
38,Absolutely Cranberry Smash,Alcoholic,Ordinary Drink,Absolut Vodka,Cranberry juice,Ginger ale,Ice,,,,,,,,,,,
39,Absolutely Fabulous,Alcoholic,Cocktail,Vodka,Cranberry Juice,Champagne,,,,,,,,,,,,
40,Absolutly Screwed Up,Alcoholic,Cocktail,Absolut Citron,Orange juice,Triple sec,Ginger ale,,,,,,,,,,,
41,Acapulco,Alcoholic,Ordinary Drink,Light rum,Triple sec,Lime juice,Sugar,Egg white,Mint,,,,,,,,,
42,Ace,Alcoholic,Cocktail,Gin,Grenadine,Heavy cream,Milk,Egg White,,,,,,,,,,
43,Adam,Alcoholic,Ordinary Drink,Dark rum,Lemon juice,Grenadine,,,,,,,,,,,,
44,Adam & Eve,Alcoholic,Cocktail,Gin,Cognac,Creme de Cassis,Fresh Lemon Juice,,,,,,,,,,,
45,Adam Bomb,Alcoholic,Punch / Party Drink,Rum,Vodka,Tequila,Triple sec,Fruit,Ice,Salt,Fruit juice,,,,,,,
46,Adam Sunrise,Alcoholic,Ordinary Drink,Vodka,Lemonade,Water,Sugar,,,,,,,,,,,
47,Addington,Alcoholic,Cocktail,Sweet Vermouth,Dry Vermouth,Soda Water,,,,,,,,,,,,
48,Addison,Alcoholic,Cocktail,Gin,Vermouth,,,,,,,,,,,,,
49,Addison Special,Alcoholic,Cocktail,Vodka,Grenadine,Orange juice,,,,,,,,,,,,
50,Adios Amigos Cocktail,Alcoholic,Cocktail,Rum,Dry Vermouth,Cognac,Gin,Fresh Lime Juice,Sugar Syrup,Water,,,,,,,,
51,Adonis Cocktail,Alcoholic,Ordinary Drink,Sweet Vermouth,Sherry,Orange bitters,,,,,,,,,,,,
52,Affair,Alcoholic,Ordinary Drink,Strawberry schnapps,Orange juice,Cranberry juice,Club soda,,,,,,,,,,,
53,Affinity,Alcoholic,Ordinary Drink,Scotch,Sweet Vermouth,Dry Vermouth,Orange bitters,,,,,,,,,,,
54,After Dinner Cocktail,Alcoholic,Ordinary Drink,Apricot brandy,Triple sec,Lime,Lime,,,,,,,,,,,
55,After Five,Alcoholic,Shot,Peppermint schnapps,Kahlua,Bailey's irish cream,,,,,,,,,,,,
56,After Supper Cocktail,Alcoholic,Ordinary Drink,Triple sec,Apricot brandy,Lemon juice,,,,,,,,,,,,
57,After sex,Alcoholic,Ordinary Drink,Vodka,Creme de Banane,Orange juice,,,,,,,,,,,,
58,Afterglow,Non alcoholic,Cocktail,Grenadine,Orange juice,Pineapple juice,,,,,,,,,,,,
59,Afternoon,Alcoholic,Coffee / Tea,Kahlua,Bailey's irish cream,Frangelico,Coffee,Cream,,,,,,,,,,
60,Alabama Slammer,Alcoholic,Ordinary Drink,Southern Comfort,Amaretto,Sloe gin,Lemon juice,,,,,,,,,,,
61,Alaska Cocktail,Alcoholic,Ordinary Drink,Orange bitters,Gin,Yellow Chartreuse,Lemon peel,,,,,,,,,,,
62,Alexander,Alcoholic,Ordinary Drink,Gin,Creme de Cacao,Light cream,Nutmeg,,,,,,,,,,,
63,Alfie Cocktail,Alcoholic,Ordinary Drink,Lemon vodka,Triple sec,Pineapple juice,,,,,,,,,,,,
64,Algonquin,Alcoholic,Ordinary Drink,Blended whiskey,Dry Vermouth,Pineapple juice,,,,,,,,,,,,
65,Alice Cocktail,Non alcoholic,Cocktail,Grenadine,Orange juice,Pineapple juice,Cream,,,,,,,,,,,
66,Alice in Wonderland,Alcoholic,Ordinary Drink,Amaretto,Grand Marnier,Southern Comfort,,,,,,,,,,,,
67,Allegheny,Alcoholic,Ordinary Drink,Dry Vermouth,Bourbon,Blackberry brandy,Lemon juice,Lemon peel,,,,,,,,,,
68,Allies Cocktail,Alcoholic,Ordinary Drink,Dry Vermouth,Gin,Kummel,,,,,,,,,,,,
69,Almeria,Alcoholic,Ordinary Drink,Dark rum,Kahlua,Egg white,,,,,,,,,,,,
70,Almond Chocolate Coffee,Alcoholic,Ordinary Drink,Amaretto,Dark Creme de Cacao,Coffee,,,,,,,,,,,,
71,Almond Joy,Alcoholic,Ordinary Drink,Amaretto,Creme de Cacao,Light cream,,,,,,,,,,,,
72,Aloha Fruit punch,Non alcoholic,Punch / Party Drink,Water,Ginger,Guava juice,Lemon juice,Pineapple,Sugar,Pineapple juice,,,,,,,,
73,Amaretto And Cream,Alcoholic,Ordinary Drink,Amaretto,Light cream,,,,,,,,,,,,,
74,Amaretto Liqueur,Alcoholic,Homemade Liqueur,Sugar,Water,Apricot,Almond flavoring,Grain alcohol,Water,Brandy,Food coloring,Food coloring,Food coloring,Glycerine,,,,
75,Amaretto Mist,Alcoholic,Ordinary Drink,Amaretto,Lime,,,,,,,,,,,,,
76,Amaretto Rose,Alcoholic,Ordinary Drink,Amaretto,Lime juice,Club soda,,,,,,,,,,,,
77,Amaretto Shake,Alcoholic,Ordinary Drink,Chocolate ice-cream,Brandy,Amaretto,,,,,,,,,,,,
78,Amaretto Sour,Alcoholic,Ordinary Drink,Amaretto,Sour mix,,,,,,,,,,,,,
79,Amaretto Stinger,Alcoholic,Ordinary Drink,Amaretto,White Creme de Menthe,,,,,,,,,,,,,
80,Amaretto Stone Sour,Alcoholic,Other/Unknown,Amaretto,Sour mix,Orange juice,,,,,,,,,,,,
81,Amaretto Stone Sour #3,Alcoholic,Other/Unknown,Sour mix,Amaretto,Tequila,Orange juice,,,,,,,,,,,
82,Amaretto Sunrise,Alcoholic,Ordinary Drink,Amaretto,Orange juice,Grenadine,,,,,,,,,,,,
83,Amaretto Sunset,Alcoholic,Ordinary Drink,Triple sec,Amaretto,Cider,Ice,,,,,,,,,,,
84,Amaretto Sweet & Sour,Alcoholic,Punch / Party Drink,Amaretto,Sweet and sour,Midori melon liqueur,Pineapple juice,,,,,,,,,,,
85,Amaretto Tea,Alcoholic,Ordinary Drink,Tea,Amaretto,Whipped cream,,,,,,,,,,,,
86,Americano,Alcoholic,Ordinary Drink,Campari,Sweet Vermouth,Lemon peel,Orange peel,,,,,,,,,,,
87,Angel Face,Alcoholic,Ordinary Drink,Apricot brandy,Apple brandy,Gin,,,,,,,,,,,,
88,Angelica Liqueur,Alcoholic,Homemade Liqueur,Angelica root,Almond,Allspice,Cinnamon,Anise,Coriander,Marjoram leaves,Vodka,Sugar,Water,Food coloring,Food coloring,,,
89,Apello,Non alcoholic,Other/Unknown,Orange juice,Grapefruit juice,Apple juice,Maraschino cherry,,,,,,,,,,,
90,Apple Berry Smoothie,Non alcoholic,Other/Unknown,Berries,Apple,,,,,,,,,,,,,
91,Apple Cider Punch #1,Optional alcohol,Punch / Party Drink,Apple cider,Brown sugar,Lemonade,Orange juice,Cloves,Allspice,Nutmeg,Cinnamon,,,,,,,
92,Apple Grande,Alcoholic,Punch / Party Drink,Tequila,Apple cider,,,,,,,,,,,,,
93,Apple Karate,Non alcoholic,Cocktail,Apple juice,Carrot,,,,,,,,,,,,,
94,Apple Pie with A Crust,Alcoholic,Other/Unknown,Apple juice,Malibu rum,Cinnamon,,,,,,,,,,,,
95,Apple Slammer,Alcoholic,Shot,7-Up,Apple schnapps,,,,,,,,,,,,,
96,Applecar,Alcoholic,Ordinary Drink,Applejack,Triple sec,Lemon juice,,,,,,,,,,,,
97,Applejack,Alcoholic,Cocktail,Jack Daniels,Midori melon liqueur,Sour mix,,,,,,,,,,,,
98,Apricot Lady,Alcoholic,Ordinary Drink,Light rum,Apricot brandy,Triple sec,Lemon juice,Egg white,Orange,,,,,,,,,
99,Apricot punch,Alcoholic,Punch / Party Drink,Apricot brandy,Champagne,Vodka,7-Up,Orange juice,,,,,,,,,,
100,Archbishop,Alcoholic,Ordinary Drink,Gin,Wine,Benedictine,Lime,,,,,,,,,,,
101,Arctic Fish,Alcoholic,Punch / Party Drink,Vodka,Grape soda,Orange juice,Ice,Candy,,,,,,,,,,
102,Arctic Mouthwash,Alcoholic,Punch / Party Drink,Maui,Mountain Dew,Ice,,,,,,,,,,,,
103,Arise My Love,Alcoholic,Ordinary Drink,Champagne,Green Creme de Menthe,,,,,,,,,,,,,
104,Arizona Antifreeze,Alcoholic,Shot,Vodka,Midori melon liqueur,Sweet and sour,,,,,,,,,,,,
105,Arizona Stingers,Alcoholic,Cocktail,Absolut Vodka,Iced tea,,,,,,,,,,,,,
106,Arizona Twister,Alcoholic,Cocktail,Vodka,Malibu rum,Gold tequila,Orange juice,Pineapple juice,Cream of coconut,Grenadine,Ice,Pineapple,,,,,,
107,Army special,Alcoholic,Cocktail,Vodka,Gin,Lime juice cordial,Ice,,,,,,,,,,,
108,Arthur Tompkins,Alcoholic,Ordinary Drink,Gin,Grand Marnier,Lemon juice,Lemon peel,,,,,,,,,,,
109,Artillery,Alcoholic,Ordinary Drink,Sweet Vermouth,Gin,Bitters,,,,,,,,,,,,
110,Artillery Punch,Alcoholic,Punch / Party Drink,Tea,Rye whiskey,Red wine,Rum,Brandy,Benedictine,Orange juice,Lemon juice,,,,,,,
111,Atlantic Sun,Alcoholic,Ordinary Drink,Vodka,Southern Comfort,Passion fruit syrup,Sweet and sour,Club soda,,,,,,,,,,
112,Atomic Lokade,Alcoholic,Ordinary Drink,Lemonade,Vodka,Blue Curacao,Triple sec,Sugar,Ice,,,,,,,,,
113,Auburn Headbanger,Alcoholic,Shot,Jägermeister,Goldschlager,,,,,,,,,,,,,
114,Autodafé,Alcoholic,Ordinary Drink,Vodka,Lime juice,Soda water,,,,,,,,,,,,
115,Avalanche,Alcoholic,Milk / Float / Shake,Crown Royal,Kahlua,Cream,,,,,,,,,,,,
116,Avalon,Alcoholic,Ordinary Drink,Vodka,Pisang Ambon,Apple juice,Lemon juice,Lemonade,,,,,,,,,,
117,Aviation,Alcoholic,Cocktail,Gin,lemon juice,maraschino liqueur,,,,,,,,,,,,
118,Aztec Punch,Alcoholic,Punch / Party Drink,Lemonade,Vodka,Rum,Ginger ale,,,,,,,,,,,
119,B-52,Alcoholic,Shot,Bailey's irish cream,Grand Marnier,Kahlua,,,,,,,,,,,,
120,B-53,Alcoholic,Shot,Kahlua,Sambuca,Grand Marnier,,,,,,,,,,,,
121,Baby Eskimo,Alcoholic,Milk / Float / Shake,Kahlua,Milk,Vanilla ice-cream,,,,,,,,,,,,
122,Baby Guinness,Alcoholic,Shot,Kahlua,Bailey's irish cream,,,,,,,,,,,,,
123,Bacardi Cocktail,Alcoholic,Ordinary Drink,Light rum,Lime juice,Sugar syrup,Grenadine,,,,,,,,,,,
124,Bailey's Dream Shake,Alcoholic,Soft Drink / Soda,Bailey's irish cream,Vanilla ice-cream,Cream,,,,,,,,,,,,
125,Balmoral,Alcoholic,Ordinary Drink,Scotch,Sweet Vermouth,Dry Vermouth,Bitters,,,,,,,,,,,
126,Banana Cantaloupe Smoothie,Non alcoholic,Other/Unknown,Cantaloupe,Banana,,,,,,,,,,,,,
127,Banana Daiquiri,Alcoholic,Ordinary Drink,Light rum,Triple sec,Banana,Lime juice,Sugar,Cherry,,,,,,,,,
128,Banana Milk Shake,Non alcoholic,Milk / Float / Shake,Milk,Orange juice,Sugar syrup,Banana,,,,,,,,,,,
129,Banana Strawberry Shake,Non alcoholic,Milk / Float / Shake,Strawberries,Banana,Yoghurt,Milk,Honey,,,,,,,,,,
130,Banana Strawberry Shake Daiquiri-type,Non alcoholic,Milk / Float / Shake,Strawberries,Banana,Apple juice,,,,,,,,,,,,
131,Barracuda,Alcoholic,Ordinary Drink,Rum,Galliano,Pineapple Juice,Lime Juice,Prosecco,,,,,,,,,,
132,Belgian Blue,Alcoholic,Soft Drink / Soda,Vodka,Coconut liqueur,Blue Curacao,Sprite,,,,,,,,,,,
133,Bellini,Alcoholic,Ordinary Drink,Champagne,Peach schnapps,,,,,,,,,,,,,
134,Bellini Martini,Alcoholic,Ordinary Drink,Ice,Vodka,Peach nectar,Peach schnapps,Lemon peel,,,,,,,,,,
135,Bermuda Highball,Alcoholic,Ordinary Drink,Brandy,Gin,Dry Vermouth,Carbonated water,Lemon peel,,,,,,,,,,
136,Berry Deadly,Alcoholic,Punch / Party Drink,Everclear,Wine,Orange juice,Kool-Aid,,,,,,,,,,,
137,Between The Sheets,Alcoholic,Ordinary Drink,Brandy,Light rum,Triple sec,Lemon juice,,,,,,,,,,,
138,Bible Belt,Alcoholic,Other/Unknown,Southern Comfort,Triple sec,Lime,Sour mix,,,,,,,,,,,
139,Big Red,Alcoholic,Shot,Irish cream,Goldschlager,,,,,,,,,,,,,
140,Black & Tan,Alcoholic,Beer,Ale,Guinness stout,,,,,,,,,,,,,
141,Black Forest Shake,Alcoholic,Milk / Float / Shake,Ice,Chocolate syrup,Cherry brandy,Vodka,Milk,,,,,,,,,,
142,Black Russian,Alcoholic,Ordinary Drink,Coffee liqueur,Vodka,,,,,,,,,,,,,
143,Black and Brown,Alcoholic,Beer,Guinness stout,Root beer,,,,,,,,,,,,,
144,Blackthorn,Alcoholic,Ordinary Drink,Sweet Vermouth,Sloe gin,Lemon peel,,,,,,,,,,,,
145,Bleeding Surgeon,Alcoholic,Soft Drink / Soda,Dark rum,Orange,Surge,Cranberry juice,,,,,,,,,,,
146,Blind Russian,Alcoholic,Milk / Float / Shake,Bailey's irish cream,Godiva liqueur,Kahlua,Butterscotch schnapps,Milk,,,,,,,,,,
147,Bloody Maria,Alcoholic,Ordinary Drink,Tequila,Tomato juice,Lemon juice,Tabasco sauce,Celery salt,Lemon,,,,,,,,,
148,Bloody Mary,Alcoholic,Ordinary Drink,Vodka,Tomato juice,Lemon juice,Worcestershire sauce,Tabasco sauce,Lime,,,,,,,,,
149,Blue Lagoon,Alcoholic,Ordinary Drink,Vodka,Blue Curacao,Lemonade,Cherry,,,,,,,,,,,
150,Blue Margarita,Alcoholic,Ordinary Drink,Tequila,Blue Curacao,Lime juice,Salt,,,,,,,,,,,
151,Blue Mountain,Alcoholic,Ordinary Drink,Añejo rum,Tia maria,Vodka,Orange juice,Lemon juice,,,,,,,,,,
152,Bluebird,Alcoholic,Ordinary Drink,Gin,Triple sec,Blue Curacao,Bitters,Maraschino cherry,Lemon peel,,,,,,,,,
153,Bob Marley,Alcoholic,Shot,Midori melon liqueur,Jägermeister,Goldschlager,,,,,,,,,,,,
154,Bobby Burns Cocktail,Alcoholic,Ordinary Drink,Sweet Vermouth,Scotch,Benedictine,Lemon peel,,,,,,,,,,,
155,Boomerang,Alcoholic,Ordinary Drink,Gin,Dry Vermouth,Bitters,Maraschino liqueur,Maraschino cherry,,,,,,,,,,
156,Boozy Snickers Milkshake,Alcoholic,Milk / Float / Shake,Vanilla Ice-Cream,Milk,Godiva liqueur,Whipped Cream,caramel sauce,chocolate sauce,Mini-snickers bars,,,,,,,,
157,Bora Bora,Non alcoholic,Cocktail,Pineapple juice,Passion fruit juice,Lemon juice,Grenadine,,,,,,,,,,,
158,Boston Sidecar,Alcoholic,Ordinary Drink,Light rum,Brandy,Triple sec,Lime,,,,,,,,,,,
159,Boston Sour,Alcoholic,Ordinary Drink,Blended whiskey,Lemon,Powdered sugar,Egg white,Lemon,Cherry,,,,,,,,,
160,Bourbon Sling,Alcoholic,Ordinary Drink,Sugar,Water,Lemon juice,Bourbon,Lemon peel,,,,,,,,,,
161,Bourbon Sour,Alcoholic,Ordinary Drink,Bourbon,Lemon juice,Sugar,Orange,Maraschino cherry,,,,,,,,,,
162,Boxcar,Alcoholic,Ordinary Drink,Gin,Triple sec,Lemon juice,Grenadine,Egg white,,,,,,,,,,
163,Brain Fart,Alcoholic,Punch / Party Drink,Everclear,Vodka,Mountain Dew,Surge,Lemon juice,Rum,,,,,,,,,
164,Brainteaser,Alcoholic,Shot,Sambuca,Erin Cream,Advocaat,,,,,,,,,,,,
165,Bramble,Alcoholic,Ordinary Drink,Gin,lemon juice,Sugar syrup,Creme de Mure,,,,,,,,,,,
166,Brandon and Will's Coke Float,Alcoholic,Soft Drink / Soda,Vanilla ice-cream,Coca-Cola,Bourbon,,,,,,,,,,,,
167,Brandy Alexander,Alcoholic,Ordinary Drink,Brandy,Creme de Cacao,Light cream,Nutmeg,,,,,,,,,,,
168,Brandy Cobbler,Alcoholic,Ordinary Drink,Sugar,Club soda,Lemon,Brandy,Maraschino cherry,Orange,,,,,,,,,
169,Brandy Flip,Alcoholic,Ordinary Drink,Brandy,Egg,Sugar,Light cream,Nutmeg,,,,,,,,,,
170,Brandy Sour,Alcoholic,Ordinary Drink,Brandy,Lemon,Powdered sugar,Lemon,Cherry,,,,,,,,,,
171,Brave Bull Shooter,Alcoholic,Shot,Tequila,Tabasco sauce,,,,,,,,,,,,,
172,Bruce's Puce,Alcoholic,Shot,Grenadine,Kahlua,Bailey's irish cream,,,,,,,,,,,,
173,Bruised Heart,Alcoholic,Shot,Vodka,Chambord raspberry liqueur,Peachtree schnapps,Cranberry juice,,,,,,,,,,,
174,Bubble Gum,Alcoholic,Shot,Vodka,Banana liqueur,Orange juice,Peach schnapps,,,,,,,,,,,
175,Buccaneer,Alcoholic,Beer,Corona,Bacardi Limon,,,,,,,,,,,,,
176,Bumble Bee #1,Alcoholic,Shot,Bailey's irish cream,Kahlua,Sambuca,,,,,,,,,,,,
177,Butter Baby,Alcoholic,Milk / Float / Shake,Vanilla Ice-Cream,Butterscotch schnapps,Milk,Vodka,,,,,,,,,,,
178,Cafe Savoy,Alcoholic,Coffee / Tea,Coffee,Milk,Triple sec,Brandy,,,,,,,,,,,
179,Caipirinha,Alcoholic,Ordinary Drink,Sugar,Lime,Cachaca,,,,,,,,,,,,
180,Caipirissima,Alcoholic,Ordinary Drink,Lime,Sugar,White rum,Ice,,,,,,,,,,,
181,California Lemonade,Alcoholic,Ordinary Drink,Blended whiskey,Lemon,Lime,Powdered sugar,Grenadine,Carbonated water,,,,,,,,,
182,California Root Beer,Alcoholic,Soft Drink / Soda,Kahlua,Galliano,Soda water,,,,,,,,,,,,
183,Campari Beer,Alcoholic,Beer,Lager,Campari,,,,,,,,,,,,,
184,Caribbean Boilermaker,Alcoholic,Beer,Corona,Light rum,,,,,,,,,,,,,
185,Caribbean Orange Liqueur,Alcoholic,Homemade Liqueur,Orange,Vodka,Sugar,,,,,,,,,,,,
186,Casino,Alcoholic,Ordinary Drink,Gin,Maraschino liqueur,Lemon juice,Orange bitters,Cherry,,,,,,,,,,
187,Casino Royale,Alcoholic,Ordinary Drink,Gin,Lemon juice,Maraschino liqueur,Orange bitters,Egg yolk,,,,,,,,,,
188,Castillian Hot Chocolate,Non alcoholic,Cocoa,Cocoa powder,Sugar,Cornstarch,Water,Milk,,,,,,,,,,
189,Champagne Cocktail,Alcoholic,Ordinary Drink,Champagne,Sugar,Bitters,Lemon peel,Cognac,,,,,,,,,,
190,Cherry Electric Lemonade,,Cocktail,Gin,Tequila,Vodka,White rum,Triple Sec,Cherry Grenadine,Sweet and sour,Club soda,,,,,,,
191,Cherry Rum,Alcoholic,Ordinary Drink,Light rum,Cherry brandy,Light cream,,,,,,,,,,,,
192,Chicago Fizz,Alcoholic,Ordinary Drink,Light rum,Port,Lemon,Powdered sugar,Egg white,Carbonated water,,,,,,,,,
193,Chocolate Beverage,Non alcoholic,Cocoa,Milk,Chocolate,Cinnamon,Egg,,,,,,,,,,,
194,Chocolate Black Russian,Alcoholic,Ordinary Drink,Kahlua,Vodka,Chocolate ice-cream,,,,,,,,,,,,
195,Chocolate Drink,Non alcoholic,Cocoa,Chocolate,Milk,Water,,,,,,,,,,,,
196,Chocolate Milk,Alcoholic,Shot,Chocolate liqueur,Milk,Amaretto,,,,,,,,,,,,
197,Chocolate Monkey,Optional alcohol,Milk / Float / Shake,Banana liqueur,Creme de Cacao,Chocolate ice-cream,Chocolate syrup,Chocolate milk,Whipped cream,Cherry,Banana,,,,,,,
198,Citrus Coke,Alcoholic,Soft Drink / Soda,Bacardi Limon,Coca-Cola,,,,,,,,,,,,,
199,City Slicker,Alcoholic,Ordinary Drink,Brandy,Triple sec,Lemon juice,,,,,,,,,,,,
200,Classic Old-Fashioned,Alcoholic,Ordinary Drink,Bitters,Water,Sugar,Bourbon,Orange,Maraschino cherry,,,,,,,,,
201,Clove Cocktail,Alcoholic,Ordinary Drink,Sweet Vermouth,Sloe gin,Wine,,,,,,,,,,,,
202,Clover Club,Alcoholic,Ordinary Drink,Gin,Grenadine,Lemon,Egg white,,,,,,,,,,,
203,Coffee Liqueur,Alcoholic,Homemade Liqueur,Coffee,Vanilla extract,Sugar,Vodka,Water,,,,,,,,,,
204,Coffee-Vodka,Alcoholic,Homemade Liqueur,Water,Sugar,Coffee,Vanilla,Vodka,Caramel coloring,,,,,,,,,
205,Coke and Drops,Non alcoholic,Soft Drink / Soda,Coca-Cola,Lemon juice,,,,,,,,,,,,,
206,Cosmopolitan,Alcoholic,Cocktail,Absolut Citron,Lime juice,Cointreau,Cranberry juice,,,,,,,,,,,
207,Cosmopolitan Martini,Alcoholic,Cocktail,Cointreau,Vodka,Lime,Cranberry juice,,,,,,,,,,,
208,Cranberry Cordial,Alcoholic,Homemade Liqueur,Cranberries,Sugar,Light rum,,,,,,,,,,,,
209,Cranberry Punch,Non alcoholic,Punch / Party Drink,Cranberry juice,Sugar,Pineapple juice,Almond flavoring,Ginger ale,,,,,,,,,,
210,Cream Soda,Alcoholic,Cocktail,Spiced rum,Ginger ale,,,,,,,,,,,,,
211,Creme de Menthe,Alcoholic,Homemade Liqueur,Sugar,Water,Grain alcohol,Peppermint extract,Food coloring,,,,,,,,,,
212,Cuba Libra,Alcoholic,Ordinary Drink,Dark rum,Lime,Coca-Cola,Ice,,,,,,,,,,,
213,Cuba Libre,Alcoholic,Ordinary Drink,Light rum,Lime,Coca-Cola,,,,,,,,,,,,
214,Daiquiri,Alcoholic,Ordinary Drink,Light rum,Lime,Powdered sugar,,,,,,,,,,,,
215,Damned if you do,Alcoholic,Shot,Whiskey,Hot Damn,,,,,,,,,,,,,
216,Danbooka,Alcoholic,Coffee / Tea,Coffee,Everclear,,,,,,,,,,,,,
217,Dark Caipirinha,Alcoholic,Cocktail,demerara Sugar,Lime,Cachaca,,,,,,,,,,,,
218,Dark and Stormy,Alcoholic,Ordinary Drink,Dark Rum,Ginger Beer,,,,,,,,,,,,,
219,Darkwood Sling,Alcoholic,Soft Drink / Soda,Cherry Heering,Soda water,Orange juice,Ice,,,,,,,,,,,
220,Derby,Alcoholic,Ordinary Drink,gin,Peach Bitters,Mint,,,,,,,,,,,,
221,Diesel,Alcoholic,Beer,Lager,Cider,Blackcurrant cordial,,,,,,,,,,,,
222,Dirty Martini,Alcoholic,Cocktail,Vodka,Dry Vermouth,Olive Brine,Lemon,Olive,,,,,,,,,,
223,Dirty Nipple,Alcoholic,Shot,Kahlua,Sambuca,Bailey's irish cream,,,,,,,,,,,,
224,Downshift,Alcoholic,Punch / Party Drink,Fruit punch,Sprite,Tequila,151 proof rum,,,,,,,,,,,
225,Dragonfly,Alcoholic,Ordinary Drink,Gin,Ginger ale,Lime,,,,,,,,,,,,
226,Drinking Chocolate,Non alcoholic,Cocoa,Heavy cream,Milk,Cinnamon,Vanilla,Chocolate,Whipped cream,,,,,,,,,
227,Dry Rob Roy,Alcoholic,Ordinary Drink,Scotch,Dry Vermouth,Lemon peel,,,,,,,,,,,,
228,Dubonnet Cocktail,Alcoholic,Ordinary Drink,Dubonnet Rouge,Gin,Bitters,Lemon peel,,,,,,,,,,,
229,Duchamp's Punch,Alcoholic,Cocktail,Pisco,Lime Juice,Pineapple Syrup,St. Germain,Angostura Bitters,Pepper,Lavender,,,,,,,,
230,Egg Cream,Non alcoholic,Other/Unknown,Chocolate syrup,Milk,Soda water,,,,,,,,,,,,
231,Egg Nog #4,Optional alcohol,Punch / Party Drink,Egg yolk,Sugar,Milk,Light rum,Bourbon,Vanilla extract,Salt,Whipping cream,Egg white,Sugar,Nutmeg,,,,
232,Egg Nog - Healthy,Optional alcohol,Punch / Party Drink,Egg,Sugar,Condensed milk,Milk,Vanilla extract,Rum,Nutmeg,,,,,,,,
233,Egg-Nog - Classic Cooked,Optional alcohol,Punch / Party Drink,Egg,Sugar,Salt,Milk,Vanilla extract,,,,,,,,,,
234,English Highball,Alcoholic,Ordinary Drink,Brandy,Gin,Sweet Vermouth,Carbonated water,Lemon peel,,,,,,,,,,
235,English Rose Cocktail,Alcoholic,Ordinary Drink,Apricot brandy,Gin,Dry Vermouth,Grenadine,Lemon juice,Cherry,,,,,,,,,
236,Espresso Martini,Alcoholic,Cocktail,Vodka,Kahlua,Sugar syrup,,,,,,,,,,,,
237,Fahrenheit 5000,Alcoholic,Shot,Firewater,Absolut Peppar,Tabasco sauce,,,,,,,,,,,,
238,Flaming Dr. Pepper,Alcoholic,Shot,Amaretto,Vodka,151 proof rum,Dr. Pepper,Beer,,,,,,,,,,
239,Flaming Lamborghini,Alcoholic,Cocktail,Kahlua,Sambuca,Blue Curacao,Bailey's irish cream,,,,,,,,,,,
240,Flander's Flake-Out,Alcoholic,Ordinary Drink,Sambuca,Sarsaparilla,,,,,,,,,,,,,
241,Flying Dutchman,Alcoholic,Ordinary Drink,Gin,Triple sec,,,,,,,,,,,,,
242,Flying Scotchman,Alcoholic,Ordinary Drink,Scotch,Sweet Vermouth,Bitters,Sugar syrup,,,,,,,,,,,
243,Foxy Lady,Alcoholic,Ordinary Drink,Amaretto,Creme de Cacao,Light cream,,,,,,,,,,,,
244,Frappé,Non alcoholic,Coffee / Tea,Coffee,Milk,Sugar,,,,,,,,,,,,
245,Freddy Kruger,Alcoholic,Shot,Jägermeister,Sambuca,Vodka,,,,,,,,,,,,
246,"French ""75""",Alcoholic,Ordinary Drink,Gin,Sugar,Lemon juice,Champagne,Orange,Maraschino cherry,,,,,,,,,
247,French 75,Alcoholic,Ordinary Drink,Gin,Sugar,Lemon juice,Champagne,Orange,Maraschino cherry,,,,,,,,,
248,French Connection,Alcoholic,Ordinary Drink,Cognac,Amaretto,,,,,,,,,,,,,
249,French Martini,Alcoholic,Cocktail,Vodka,Raspberry Liqueur,pineapple juice,,,,,,,,,,,,
250,Frisco Sour,Alcoholic,Ordinary Drink,Blended whiskey,Benedictine,Lemon,Lime,Lemon,Lime,,,,,,,,,
251,Frozen Daiquiri,Alcoholic,Ordinary Drink,Light rum,Triple sec,Lime juice,Sugar,Cherry,Ice,,,,,,,,,
252,Frozen Mint Daiquiri,Alcoholic,Ordinary Drink,Light rum,Lime juice,Mint,Sugar,,,,,,,,,,,
253,Frozen Pineapple Daiquiri,Alcoholic,Ordinary Drink,Light rum,Pineapple,Lime juice,Sugar,,,,,,,,,,,
254,Fruit Cooler,Non alcoholic,Other/Unknown,Apple juice,Strawberries,Sugar,Lemon,Apple,Soda water,Ice,,,,,,,,
255,Fruit Flip-Flop,Non alcoholic,Other/Unknown,Yoghurt,Fruit juice,,,,,,,,,,,,,
256,Fruit Shake,Non alcoholic,Other/Unknown,Yoghurt,Banana,Orange juice,Fruit,Ice,,,,,,,,,,
257,Fuzzy Asshole,Alcoholic,Coffee / Tea,Coffee,Peach schnapps,,,,,,,,,,,,,
258,GG,Optional alcohol,Ordinary Drink,Galliano,Ginger ale,Ice,,,,,,,,,,,,
259,Gagliardo,Alcoholic,Cocktail,Peach Vodka,Lemon juice,Galliano,Sirup of roses,,,,,,,,,,,
260,Gentleman's Club,Alcoholic,Ordinary Drink,Gin,Brandy,Sweet Vermouth,Club soda,,,,,,,,,,,
261,Gideon's Green Dinosaur,Alcoholic,Ordinary Drink,Dark rum,Vodka,Triple sec,Tequila,Melon liqueur,Mountain Dew,,,,,,,,,
262,Gin And Tonic,Alcoholic,Ordinary Drink,Gin,Tonic water,Lime,,,,,,,,,,,,
263,Gin Cooler,Alcoholic,Ordinary Drink,Gin,Carbonated water,Powdered sugar,Orange spiral,Lemon peel,,,,,,,,,,
264,Gin Daisy,Alcoholic,Ordinary Drink,Gin,Lemon juice,Sugar,Grenadine,Maraschino cherry,Orange,,,,,,,,,
265,Gin Fizz,Alcoholic,Ordinary Drink,Gin,Lemon,Powdered sugar,Carbonated water,,,,,,,,,,,
266,Gin Rickey,Alcoholic,Cocktail,Gin,Grenadine,lemon,Soda Water,Lime,,,,,,,,,,
267,Gin Sling,Alcoholic,Ordinary Drink,Gin,Lemon,Powdered sugar,Water,Orange peel,,,,,,,,,,
268,Gin Smash,Alcoholic,Ordinary Drink,Gin,Carbonated water,Sugar,Mint,Orange,Cherry,,,,,,,,,
269,Gin Sour,Alcoholic,Ordinary Drink,Gin,Lemon juice,Sugar,Orange,Maraschino cherry,,,,,,,,,,
270,Gin Squirt,Alcoholic,Ordinary Drink,Gin,Grenadine,Powdered sugar,Pineapple,Strawberries,Carbonated water,,,,,,,,,
271,Gin Swizzle,Alcoholic,Ordinary Drink,Lime juice,Sugar,Gin,Bitters,Club soda,,,,,,,,,,
272,Gin Toddy,Alcoholic,Ordinary Drink,Gin,Water,Powdered sugar,Lemon peel,,,,,,,,,,,
273,Girl From Ipanema,Alcoholic,Ordinary Drink,Cachaca,Lemon Juice,Agave Syrup,Champagne,,,,,,,,,,,
274,Gluehwein,Optional alcohol,Punch / Party Drink,Red wine,Water,Sugar,Cinnamon,Cloves,Lemon peel,,,,,,,,,
275,Godchild,Alcoholic,Ordinary Drink,Vodka,Amaretto,Heavy cream,,,,,,,,,,,,
276,Godfather,Alcoholic,Ordinary Drink,Scotch,Amaretto,,,,,,,,,,,,,
277,Godmother,Alcoholic,Ordinary Drink,Vodka,Amaretto,,,,,,,,,,,,,
278,Golden dream,Alcoholic,Ordinary Drink,Galliano,Triple Sec,orange juice,Cream,,,,,,,,,,,
279,Grand Blue,Alcoholic,Ordinary Drink,Malibu rum,Peach schnapps,Blue Curacao,Sweet and sour,,,,,,,,,,,
280,Grape lemon pineapple Smoothie,Non alcoholic,Other/Unknown,Grapes,Lemon,Pineapple,,,,,,,,,,,,
281,Grass Skirt,Alcoholic,Ordinary Drink,Gin,Triple sec,Pineapple juice,Grenadine,Pineapple,,,,,,,,,,
282,Grasshopper,Alcoholic,Ordinary Drink,Green Creme de Menthe,Creme de Cacao,Light cream,,,,,,,,,,,,
283,Green Goblin,Alcoholic,Beer,Cider,Lager,Blue Curacao,,,,,,,,,,,,
284,Grim Reaper,Alcoholic,Ordinary Drink,Kahlua,151 proof rum,Grenadine,,,,,,,,,,,,
285,Grizzly Bear,Alcoholic,Ordinary Drink,Amaretto,Jägermeister,Kahlua,Milk,,,,,,,,,,,
286,H.D.,Alcoholic,Coffee / Tea,Whisky,Bailey's irish cream,Coffee,,,,,,,,,,,,
287,Happy Skipper,Alcoholic,Ordinary Drink,Spiced rum,Ginger ale,Lime,Ice,,,,,,,,,,,
288,Harvey Wallbanger,Alcoholic,Ordinary Drink,Vodka,Galliano,Orange juice,,,,,,,,,,,,
289,Havana Cocktail,Alcoholic,Ordinary Drink,Light rum,Pineapple juice,Lemon juice,,,,,,,,,,,,
290,Hawaiian Cocktail,Alcoholic,Ordinary Drink,Gin,Triple sec,Pineapple juice,,,,,,,,,,,,
291,Hemingway Special,Alcoholic,Ordinary Drink,Rum,Grapefruit Juice,Maraschino Liqueur,Lime Juice,,,,,,,,,,,
292,Herbal flame,Alcoholic,Coffee / Tea,Hot Damn,Tea,,,,,,,,,,,,,
293,Highland Fling Cocktail,Alcoholic,Ordinary Drink,Scotch,Sweet Vermouth,Orange bitters,Olive,,,,,,,,,,,
294,Holloween Punch,Non alcoholic,Punch / Party Drink,Grape juice,Carbonated soft drink,Sherbet,Sherbet,,,,,,,,,,,
295,Homemade Kahlua,Alcoholic,Homemade Liqueur,Sugar,Corn syrup,Coffee,Vanilla extract,Water,Vodka,,,,,,,,,
296,Horse's Neck,Alcoholic,Ordinary Drink,Lemon peel,Brandy,Ginger ale,Bitters,,,,,,,,,,,
297,Hot Chocolate to Die for,Non alcoholic,Cocoa,Chocolate,Butter,Vanilla extract,Half-and-half,Marshmallows,,,,,,,,,,
298,Hot Creamy Bush,Alcoholic,Coffee / Tea,Irish whiskey,Bailey's irish cream,Coffee,,,,,,,,,,,,
299,Ice Pick #1,Alcoholic,Ordinary Drink,Vodka,Iced tea,Lemon juice,,,,,,,,,,,,
300,Iced Coffee,Non alcoholic,Coffee / Tea,Coffee,Sugar,Water,Milk,,,,,,,,,,,
301,Iced Coffee Fillip,Alcoholic,Coffee / Tea,Kahlua,Coffee,,,,,,,,,,,,,
302,Imperial Cocktail,Alcoholic,Cocktail,Lime juice,Gin,Aperol,,,,,,,,,,,,
303,Imperial Fizz,Alcoholic,Ordinary Drink,Light rum,Blended whiskey,Lemon,Powdered sugar,Carbonated water,,,,,,,,,,
304,Ipamena,Non Alcoholic,Ordinary Drink,Lime,Brown sugar,Passion fruit juice,Ginger ale,Ice,,,,,,,,,,
305,Irish Coffee,Alcoholic,Coffee / Tea,Irish whiskey,Coffee,Sugar,Whipped cream,,,,,,,,,,,
306,Irish Cream,Alcoholic,Homemade Liqueur,Scotch,Half-and-half,Condensed milk,Coconut syrup,Chocolate syrup,,,,,,,,,,
307,Irish Curdling Cow,Alcoholic,Cocktail,Bailey's irish cream,Bourbon,Vodka,Orange juice,,,,,,,,,,,
308,Irish Russian,Alcoholic,Beer,Vodka,Kahlua,Coca-Cola,Guinness stout,,,,,,,,,,,
309,Irish Spring,Alcoholic,Ordinary Drink,Irish whiskey,Peach brandy,Orange juice,Sweet and sour,Orange,Cherry,,,,,,,,,
310,Jack Rose Cocktail,Alcoholic,Ordinary Drink,Apple brandy,Grenadine,Lime,,,,,,,,,,,,
311,Jack's Vanilla Coke,Alcoholic,Other/Unknown,Ice,Tennessee whiskey,Vanilla extract,Coca-Cola,,,,,,,,,,,
312,Jackhammer,Alcoholic,Ordinary Drink,Jack Daniels,Amaretto,,,,,,,,,,,,,
313,Jam Donut,Alcoholic,Shot,Baileys irish cream,Chambord raspberry liqueur,Sugar syrup,Sugar,,,,,,,,,,,
314,Jamaica Kiss,Alcoholic,Milk / Float / Shake,Coffee liqueur,Light rum,Ice,Milk,,,,,,,,,,,
315,Jamaican Coffee,Alcoholic,Coffee / Tea,Rum,Coffee,Water,Whipped cream,,,,,,,,,,,
316,Japanese Fizz,Alcoholic,Ordinary Drink,Blended whiskey,Lemon,Powdered sugar,Port,Egg white,Carbonated water,,,,,,,,,
317,Jello shots,Alcoholic,Shot,Vodka,Jello,Water,,,,,,,,,,,,
318,Jelly Bean,Alcoholic,Shot,Blackberry brandy,Anis,,,,,,,,,,,,,
319,Jewel Of The Nile,Alcoholic,Ordinary Drink,Gin,Green Chartreuse,Yellow Chartreuse,,,,,,,,,,,,
320,Jitterbug,Alcoholic,Cocktail,Gin,Vodka,Grenadine,Lime juice,Sugar,Sugar syrup,Soda water,,,,,,,,
321,John Collins,Alcoholic,Ordinary Drink,Bourbon,Lemon juice,Sugar,Club soda,Maraschino cherry,Orange,,,,,,,,,
322,Just a Moonmint,Non alcoholic,Milk / Float / Shake,Milk,Chocolate syrup,Mint syrup,,,,,,,,,,,,
323,Kamikaze,Alcoholic,Ordinary Drink,Vodka,Triple sec,Lime juice,,,,,,,,,,,,
324,Karsk,Alcoholic,Ordinary Drink,Coffee,Grain alcohol,,,,,,,,,,,,,
325,Kentucky B And B,Alcoholic,Ordinary Drink,Bourbon,Benedictine,,,,,,,,,,,,,
326,Kentucky Colonel,Alcoholic,Ordinary Drink,Bourbon,Benedictine,Lemon peel,,,,,,,,,,,,
327,Kill the cold Smoothie,Non alcoholic,Other/Unknown,Ginger,Lemon,Water,,,,,,,,,,,,
328,Kioki Coffee,Alcoholic,Coffee / Tea,Kahlua,Brandy,Coffee,,,,,,,,,,,,
329,Kir,Alcoholic,Ordinary Drink,Creme de Cassis,Champagne,,,,,,,,,,,,,
330,Kir Royale,Alcoholic,Ordinary Drink,Creme de Cassis,Champagne,,,,,,,,,,,,,
331,Kiss me Quick,Alcoholic,Ordinary Drink,Cranberry vodka,Apfelkorn,Schweppes Russchian,Apple juice,Ice,,,,,,,,,,
332,Kiwi Lemon,Alcoholic,Ordinary Drink,Kiwi liqueur,Bitter lemon,Ice,,,,,,,,,,,,
333,Kiwi Papaya Smoothie,Non alcoholic,Other/Unknown,Kiwi,Papaya,,,,,,,,,,,,,
334,Kool First Aid,Alcoholic,Shot,151 proof rum,Kool-Aid,,,,,,,,,,,,,
335,Kool-Aid Shot,Alcoholic,Shot,Vodka,Amaretto,Sloe gin,Triple sec,Cranberry juice,,,,,,,,,,
336,Kool-Aid Slammer,Alcoholic,Shot,Kool-Aid,Vodka,,,,,,,,,,,,,
337,Kurant Tea,Alcoholic,Coffee / Tea,Absolut Kurant,Tea,Sugar,,,,,,,,,,,,
338,Lady Love Fizz,Alcoholic,Ordinary Drink,Gin,Light cream,Powdered sugar,Lemon,Egg white,Carbonated water,,,,,,,,,
339,Lassi - A South Indian Drink,Non alcoholic,Other/Unknown,Yoghurt,Water,Cumin seed,Salt,Mint,,,,,,,,,,
340,Lassi - Mango,Non alcoholic,Other/Unknown,Mango,Yoghurt,Sugar,Water,,,,,,,,,,,
341,Lassi - Sweet,Non alcoholic,Other/Unknown,Yoghurt,Water,Sugar,Salt,Lemon juice,,,,,,,,,,
342,Lassi Khara,Non alcoholic,Other/Unknown,Yoghurt,Water,Salt,Asafoetida,,,,,,,,,,,
343,Lassi Raita,Non alcoholic,Other/Unknown,Yoghurt,Ice,Sugar,Lime,Salt,,,,,,,,,,
344,Lemon Drop,Alcoholic,Cocktail,Absolut Vodka,Cointreau,Lemon,,,,,,,,,,,,
345,Lemon Shot,Alcoholic,Shot,Galliano,Absolut Citron,Lemon,Sugar,151 proof rum,,,,,,,,,,
346,Lemouroudji,Non alcoholic,Other/Unknown,Ginger,Water,Lemon,Sugar,Cayenne pepper,,,,,,,,,,
347,Limeade,Non alcoholic,Other/Unknown,Lime,Sugar,Soda water,Lime peel,,,,,,,,,,,
348,Limona Corona,Alcoholic,Beer,Corona,Bacardi Limon,,,,,,,,,,,,,
349,Loch Lomond,Alcoholic,Ordinary Drink,Scotch,Drambuie,Dry Vermouth,Lemon peel,,,,,,,,,,,
350,London Town,Alcoholic,Ordinary Drink,Gin,Maraschino liqueur,Orange bitters,,,,,,,,,,,,
351,Lone Tree Cocktail,Alcoholic,Ordinary Drink,Sweet Vermouth,Gin,,,,,,,,,,,,,
352,Lone Tree Cooler,Alcoholic,Ordinary Drink,Carbonated water,Gin,Dry Vermouth,Powdered sugar,Orange spiral,Lemon peel,,,,,,,,,
353,Long Island Iced Tea,Alcoholic,Ordinary Drink,Vodka,Tequila,Light rum,Gin,Coca-Cola,Lemon peel,,,,,,,,,
354,Long Island Tea,Alcoholic,Ordinary Drink,Vodka,Light rum,Gin,Tequila,Lemon,Coca-Cola,,,,,,,,,
355,Long vodka,Alcoholic,Ordinary Drink,Vodka,Lime,Angostura bitters,Tonic water,Ice,,,,,,,,,,
356,Lord And Lady,Alcoholic,Ordinary Drink,Dark rum,Tia maria,,,,,,,,,,,,,
357,Lunch Box,Alcoholic,Beer,Beer,Amaretto,Orange juice,,,,,,,,,,,,
358,Mai Tai,Alcoholic,Ordinary Drink,Light rum,Orgeat syrup,Triple sec,Sweet and sour,Cherry,,,,,,,,,,
359,Malibu Twister,Alcoholic,Cocktail,Malibu rum,Tropicana,Cranberry juice,,,,,,,,,,,,
360,Mango Orange Smoothie,Non alcoholic,Other/Unknown,Mango,Orange,,,,,,,,,,,,,
361,Manhattan,Alcoholic,Cocktail,Sweet Vermouth,Bourbon,Angostura bitters,Ice,Maraschino cherry,Orange peel,,,,,,,,,
362,Margarita,Alcoholic,Ordinary Drink,Tequila,Triple sec,Lime juice,Salt,,,,,,,,,,,
363,Martinez Cocktail,Alcoholic,Cocktail,Gin,Dry Vermouth,Triple sec,Orange bitters,Cherry,,,,,,,,,,
364,Martini,Alcoholic,Cocktail,Gin,Dry Vermouth,Olive,,,,,,,,,,,,
365,Mary Pickford,Alcoholic,Cocktail,Light rum,Pineapple juice,Maraschino liqueur,Grenadine,Maraschino cherry,,,,,,,,,,
366,Masala Chai,Non alcoholic,Coffee / Tea,Water,Tea,Ginger,Cardamom,Cloves,Cinnamon,Black pepper,Sugar,Milk,,,,,,
367,Melya,Non alcoholic,Coffee / Tea,Espresso,Honey,Cocoa powder,,,,,,,,,,,,
368,Miami Vice,Alcoholic,Cocktail,151 proof rum,Pina colada mix,Daiquiri mix,,,,,,,,,,,,
369,Microwave Hot Cocoa,Non alcoholic,Cocoa,Sugar,Cocoa powder,Salt,Water,Milk,Vanilla extract,,,,,,,,,
370,Midnight Cowboy,Alcoholic,Ordinary Drink,Bourbon,Dark rum,Heavy cream,,,,,,,,,,,,
371,Midnight Manx,Alcoholic,Ordinary Drink,Kahlua,Bailey's irish cream,Goldschlager,Heavy cream,Coffee,,,,,,,,,,
372,Midnight Mint,Alcoholic,Cocktail,Bailey's irish cream,White Creme de Menthe,Cream,,,,,,,,,,,,
373,Mimosa,Alcoholic,Ordinary Drink,Champagne,Orange juice,,,,,,,,,,,,,
374,Mississippi Planters Punch,Alcoholic,Ordinary Drink,Brandy,Light rum,Bourbon,Lemon,Powdered sugar,Carbonated water,,,,,,,,,
375,Mocha-Berry,Alcoholic,Coffee / Tea,Coffee,Chambord raspberry liqueur,Cocoa powder,Whipped cream,,,,,,,,,,,
376,Mojito,Alcoholic,Cocktail,Light rum,Lime,Sugar,Mint,Soda water,,,,,,,,,,
377,Mojito #3,Alcoholic,Cocktail,Mint,Lemon juice,Dark rum,Club soda,Angostura bitters,,,,,,,,,,
378,Monkey Gland,Alcoholic,Ordinary Drink,Gin,Benedictine,Orange juice,Grenadine,,,,,,,,,,,
379,Monkey Wrench,Alcoholic,Ordinary Drink,Light rum,Grapefruit juice,Bitters,,,,,,,,,,,,
380,Moranguito,Alcoholic,Shot,Absinthe,Tequila,Grenadine,,,,,,,,,,,,
381,Moscow Mule,Alcoholic,Punch / Party Drink,Vodka,Lime juice,Ginger ale,,,,,,,,,,,,
382,Mother's Milk,Alcoholic,Shot,Goldschlager,Butterscotch schnapps,Milk,,,,,,,,,,,,
383,Mudslinger,Alcoholic,Punch / Party Drink,Southern Comfort,Orange juice,Pepsi Cola,,,,,,,,,,,,
384,Mulled Wine,Alcoholic,Punch / Party Drink,Water,Sugar,Cloves,Cinnamon,Lemon peel,Red wine,Brandy,,,,,,,,
385,National Aquarium,Alcoholic,Ordinary Drink,Rum,Vodka,Gin,Blue Curacao,Sour mix,Lemon-lime soda,,,,,,,,,
386,Negroni,Alcoholic,Ordinary Drink,Gin,Campari,Sweet Vermouth,,,,,,,,,,,,
387,New York Lemonade,Alcoholic,Cocktail,Absolut Citron,Grand Marnier,Lemon juice,Club soda,,,,,,,,,,,
388,New York Sour,Alcoholic,Ordinary Drink,Blended whiskey,Lemon,Sugar,Red wine,Lemon,Cherry,,,,,,,,,
389,Nuked Hot Chocolate,Non alcoholic,Cocoa,Cocoa powder,Sugar,Vanilla extract,Milk,,,,,,,,,,,
390,Nutty Irishman,Alcoholic,Milk / Float / Shake,Bailey's irish cream,Frangelico,Milk,,,,,,,,,,,,
391,Old Fashioned,Alcoholic,Cocktail,Bourbon,Angostura bitters,Sugar,Water,,,,,,,,,,,
392,Orange Crush,Alcoholic,Shot,Vodka,Triple sec,Orange juice,,,,,,,,,,,,
393,Orange Oasis,Alcoholic,Ordinary Drink,Cherry brandy,Gin,Orange juice,Ginger ale,,,,,,,,,,,
394,Orange Push-up,Alcoholic,Ordinary Drink,Spiced rum,Grenadine,Orange juice,Sour mix,,,,,,,,,,,
395,Orange Scented Hot Chocolate,Non alcoholic,Cocoa,Milk,Chocolate,Orange peel,Espresso,Nutmeg,,,,,,,,,,
396,Orange Whip,Alcoholic,Other/Unknown,Orange juice,Rum,Vodka,Cream,Ice,,,,,,,,,,
397,Orangeade,Non alcoholic,Cocktail,Lemon juice,Orange juice,Sugar syrup,Soda water,,,,,,,,,,,
398,Oreo Mudslide,Alcoholic,Ordinary Drink,Vodka,Kahlua,Bailey's irish cream,Vanilla ice-cream,Oreo cookie,,,,,,,,,,
399,Orgasm,Alcoholic,Ordinary Drink,Creme de Cacao,Amaretto,Triple sec,Vodka,Light cream,,,,,,,,,,
400,Owen's Grandmother's Revenge,Alcoholic,Ordinary Drink,Whiskey,Beer,Lemonade,Ice,,,,,,,,,,,
401,Paradise,Alcoholic,Ordinary Drink,Gin,Apricot Brandy,Orange Juice,,,,,,,,,,,,
402,Pina Colada,Alcoholic,Ordinary Drink,Light rum,Coconut milk,Pineapple,,,,,,,,,,,,
403,Pineapple Gingerale Smoothie,Non alcoholic,Other/Unknown,Ginger,Pineapple,,,,,,,,,,,,,
404,Pink Gin,Alcoholic,Ordinary Drink,Bitters,Gin,,,,,,,,,,,,,
405,Pink Lady,Alcoholic,Ordinary Drink,Gin,Grenadine,Light cream,Egg white,,,,,,,,,,,
406,Pink Panty Pulldowns,Alcoholic,Ordinary Drink,Sprite,Pink lemonade,Vodka,,,,,,,,,,,,
407,Pink Penocha,Alcoholic,Punch / Party Drink,Everclear,Vodka,Peach schnapps,Orange juice,Cranberry juice,,,,,,,,,,
408,Pisco Sour,Alcoholic,Cocktail,Pisco,Lemon juice,Sugar,Ice,,,,,,,,,,,
409,Planter's Punch,Alcoholic,Punch / Party Drink,Dark rum,Orgeat syrup,Orange juice,Pineapple juice,,,,,,,,,,,
410,Popped cherry,Alcoholic,Ordinary Drink,Vodka,Cherry liqueur,Cranberry juice,Orange juice,,,,,,,,,,,
411,Poppy Cocktail,Alcoholic,Ordinary Drink,Gin,Creme de Cacao,,,,,,,,,,,,,
412,Port And Starboard,Alcoholic,Ordinary Drink,Grenadine,Green Creme de Menthe,,,,,,,,,,,,,
413,Port Wine Cocktail,Alcoholic,Ordinary Drink,Port,Brandy,,,,,,,,,,,,,
414,Port Wine Flip,Alcoholic,Ordinary Drink,Port,Light cream,Powdered sugar,Egg,Nutmeg,,,,,,,,,,
415,Porto flip,Alcoholic,Ordinary Drink,Brandy,Port,Egg Yolk,,,,,,,,,,,,
416,Pysch Vitamin Light,Non alcoholic,Ordinary Drink,Orange juice,Apple juice,Pineapple juice,Ice,,,,,,,,,,,
417,Quaker's Cocktail,Alcoholic,Ordinary Drink,Light rum,Brandy,Lemon,Raspberry syrup,,,,,,,,,,,
418,Quarter Deck Cocktail,Alcoholic,Ordinary Drink,Light rum,Sherry,Lime,,,,,,,,,,,,
419,Queen Bee,Alcoholic,Ordinary Drink,Coffee brandy,Lime vodka,Sherry,,,,,,,,,,,,
420,Queen Charlotte,Alcoholic,Ordinary Drink,Red wine,Grenadine,Lemon-lime soda,,,,,,,,,,,,
421,Queen Elizabeth,Alcoholic,Ordinary Drink,Dry Vermouth,Gin,Benedictine,,,,,,,,,,,,
422,Quentin,Alcoholic,Ordinary Drink,Dark rum,Kahlua,Light cream,Nutmeg,,,,,,,,,,,
423,Quick F**K,Alcoholic,Shot,Kahlua,Midori melon liqueur,Bailey's irish cream,,,,,,,,,,,,
424,Quick-sand,Alcoholic,Ordinary Drink,Black Sambuca,Orange juice,,,,,,,,,,,,,
425,Radioactive Long Island Iced Tea,Alcoholic,Ordinary Drink,Rum,Vodka,Tequila,Gin,Triple sec,Chambord raspberry liqueur,Midori melon liqueur,Malibu rum,,,,,,,
426,Radler,Alcoholic,Ordinary Drink,Beer,7-Up,,,,,,,,,,,,,
427,Rail Splitter,Non alcoholic,Cocktail,Sugar syrup,Lemon juice,Ginger ale,,,,,,,,,,,,
428,Raspberry Cooler,Alcoholic,Other/Unknown,Raspberry vodka,Lemon-lime soda,Ice,,,,,,,,,,,,
429,Red Snapper,Alcoholic,Shot,Crown Royal,Amaretto,Cranberry juice,,,,,,,,,,,,
430,Rose,Alcoholic,Ordinary Drink,Dry Vermouth,Gin,Apricot brandy,Lemon juice,Grenadine,Powdered sugar,,,,,,,,,
431,Royal Bitch,Alcoholic,Shot,Frangelico,Crown Royal,,,,,,,,,,,,,
432,Royal Fizz,Alcoholic,Ordinary Drink,Gin,Sweet and sour,Egg,Coca-Cola,,,,,,,,,,,
433,Royal Flush,Alcoholic,Shot,Crown Royal,Peach schnapps,Chambord raspberry liqueur,Cranberry juice,,,,,,,,,,,
434,Royal Gin Fizz,Alcoholic,Ordinary Drink,Gin,Lemon,Powdered sugar,Egg,Carbonated water,,,,,,,,,,
435,Ruby Tuesday,Alcoholic,Cocktail,Gin,Cranberry juice,Grenadine,,,,,,,,,,,,
436,Rum Cobbler,Alcoholic,Ordinary Drink,Sugar,Club soda,Lemon,Dark rum,Maraschino cherry,Orange,,,,,,,,,
437,Rum Cooler,Alcoholic,Ordinary Drink,Rum,Lemon-lime soda,Lemon,,,,,,,,,,,,
438,Rum Milk Punch,Alcoholic,Ordinary Drink,Light rum,Milk,Powdered sugar,Nutmeg,,,,,,,,,,,
439,Rum Old-fashioned,Alcoholic,Ordinary Drink,Light rum,151 proof rum,Powdered sugar,Bitters,Water,Lime peel,,,,,,,,,
440,Rum Punch,Alcoholic,Punch / Party Drink,Rum,Ginger ale,Fruit punch,Orange juice,Ice,,,,,,,,,,
441,Rum Runner,Alcoholic,Punch / Party Drink,Malibu rum,Blackberry brandy,Orange juice,Pineapple juice,Cranberry juice,,,,,,,,,,
442,Rum Screwdriver,Alcoholic,Ordinary Drink,Light rum,Orange juice,,,,,,,,,,,,,
443,Rum Sour,Alcoholic,Ordinary Drink,Light rum,Lemon juice,Sugar,Orange,Maraschino cherry,,,,,,,,,,
444,Rum Toddy,Alcoholic,Ordinary Drink,Rum,Powdered sugar,Lemon peel,Water,,,,,,,,,,,
445,Russian Spring Punch,Alcoholic,Ordinary Drink,Vodka,Creme de Cassis,Sugar Syrup,Lemon Juice,,,,,,,,,,,
446,Rusty Nail,Alcoholic,Ordinary Drink,Scotch,Drambuie,Lemon peel,,,,,,,,,,,,
447,Salty Dog,Alcoholic,Ordinary Drink,Grapefruit juice,Gin,Salt,,,,,,,,,,,,
448,San Francisco,Alcoholic,Ordinary Drink,Vodka,Creme de Banane,Grenadine,Orange juice,,,,,,,,,,,
449,Sangria #1,Alcoholic,Punch / Party Drink,Red wine,Sugar,Orange juice,Lemon juice,Cloves,Cinnamon,,,,,,,,,
450,Sangria - The World's Best,Alcoholic,Punch / Party Drink,Red wine,Sugar,Lemon,Orange,Apple,Brandy,Soda water,,,,,,,,
451,Sazerac,Alcoholic,Ordinary Drink,Ricard,Sugar,Peychaud bitters,Water,Bourbon,Lemon peel,,,,,,,,,
452,Scooter,Alcoholic,Ordinary Drink,Brandy,Amaretto,Light cream,,,,,,,,,,,,
453,Scotch Cobbler,Alcoholic,Ordinary Drink,Scotch,Brandy,Curacao,Orange,Mint,,,,,,,,,,
454,Scotch Sour,Alcoholic,Ordinary Drink,Scotch,Lime,Powdered sugar,Lemon,Cherry,,,,,,,,,,
455,Scottish Highland Liqueur,Alcoholic,Homemade Liqueur,Johnnie Walker,Honey,Angelica root,Fennel seeds,Lemon peel,,,,,,,,,,
456,Screaming Orgasm,Alcoholic,Ordinary Drink,Vodka,Bailey's irish cream,Kahlua,,,,,,,,,,,,
457,Screwdriver,Alcoholic,Ordinary Drink,Vodka,Orange juice,,,,,,,,,,,,,
458,Sea breeze,Alcoholic,Ordinary Drink,Vodka,Cranberry juice,Grapefruit juice,,,,,,,,,,,,
459,Sex on the Beach,Alcoholic,Ordinary Drink,Vodka,Peach schnapps,Cranberry juice,Grapefruit juice,,,,,,,,,,,
460,Shanghai Cocktail,Alcoholic,Ordinary Drink,Light rum,Anisette,Grenadine,Lemon,,,,,,,,,,,
461,Shark Attack,Alcoholic,Cocktail,Lemonade,Water,Vodka,,,,,,,,,,,,
462,Sherry Eggnog,Alcoholic,Ordinary Drink,Sherry,Powdered sugar,Egg,Milk,Nutmeg,,,,,,,,,,
463,Sherry Flip,Alcoholic,Ordinary Drink,Sherry,Light cream,Powdered sugar,Egg,Nutmeg,,,,,,,,,,
464,Shot-gun,Alcoholic,Shot,Jim Beam,Jack Daniels,Wild Turkey,,,,,,,,,,,,
465,Sidecar,Alcoholic,Ordinary Drink,Cognac,Cointreau,Lemon juice,,,,,,,,,,,,
466,Sidecar Cocktail,Alcoholic,Ordinary Drink,Brandy,Triple sec,Lemon,,,,,,,,,,,,
467,Singapore Sling,Alcoholic,Ordinary Drink,Cherry brandy,Grenadine,Gin,Sweet and sour,Carbonated water,Cherry,,,,,,,,,
468,Sloe Gin Cocktail,Alcoholic,Ordinary Drink,Sloe gin,Dry Vermouth,Orange bitters,,,,,,,,,,,,
469,Smut,Alcoholic,Punch / Party Drink,Red wine,Peach schnapps,Pepsi Cola,Orange juice,,,,,,,,,,,
470,Snake Bite (UK),Alcoholic,Beer,Lager,Cider,,,,,,,,,,,,,
471,Snakebite and Black,Alcoholic,Beer,Lager,Cider,Blackcurrant squash,,,,,,,,,,,,
472,Snowball,Alcoholic,Ordinary Drink,Advocaat,Lemonade,Lemon,Ice,,,,,,,,,,,
473,Sol Y Sombra,Alcoholic,Ordinary Drink,Brandy,Anisette,,,,,,,,,,,,,
474,Space Odyssey,Alcoholic,Ordinary Drink,151 proof rum,Malibu rum,Pineapple juice,Orange juice,Grenadine,Cherries,,,,,,,,,
475,Spanish chocolate,Non alcoholic,Cocoa,Milk,Chocolate,Cinnamon,Egg yolk,,,,,,,,,,,
476,Spiced Peach Punch,Non alcoholic,Punch / Party Drink,Peach nectar,Orange juice,Brown sugar,Cinnamon,Cloves,Lime juice,,,,,,,,,
477,Spiking coffee,Non alcoholic,Coffee / Tea,Coffee,Cinnamon,,,,,,,,,,,,,
478,Spritz,Alcoholic,Ordinary Drink,Prosecco,Campari,Soda Water,,,,,,,,,,,,
479,Stinger,Alcoholic,Ordinary Drink,Brandy,White Creme de Menthe,,,,,,,,,,,,,
480,Stone Sour,Alcoholic,Ordinary Drink,Apricot brandy,Orange juice,Sweet and sour,,,,,,,,,,,,
481,Strawberry Daiquiri,Alcoholic,Ordinary Drink,Strawberry schnapps,Light rum,Lime juice,Powdered sugar,Strawberries,,,,,,,,,,
482,Strawberry Lemonade,Non alcoholic,Punch / Party Drink,Lemon,Sugar,Strawberries,Water,,,,,,,,,,,
483,Strawberry Margarita,Alcoholic,Ordinary Drink,Strawberry schnapps,Tequila,Triple sec,Lemon juice,Strawberries,Salt,,,,,,,,,
484,Strawberry Shivers,Non alcoholic,Other/Unknown,Strawberries,Honey,Water,,,,,,,,,,,,
485,Sunny Holiday Punch,Optional alcohol,Punch / Party Drink,Pineapple juice,Club soda,Orange juice,Lemon,Berries,Champagne,,,,,,,,,
486,Surf City Lifesaver,Alcoholic,Ordinary Drink,Ouzo,Bailey's irish cream,Gin,Grand Marnier,,,,,,,,,,,
487,Swedish Coffee,Alcoholic,Coffee / Tea,Coffee,Aquavit,Sugar,,,,,,,,,,,,
488,Sweet Bananas,Non alcoholic,Milk / Float / Shake,Milk,Banana,Honey,,,,,,,,,,,,
489,Sweet Sangria,Alcoholic,Punch / Party Drink,Red wine,Sugar,Water,Apple,Orange,Lime,Lemon,Fresca,,,,,,,
490,Sweet Tooth,Alcoholic,Milk / Float / Shake,Godiva liqueur,Milk,,,,,,,,,,,,,
491,Talos Coffee,Alcoholic,Coffee / Tea,Grand Marnier,Coffee,,,,,,,,,,,,,
492,Tennesee Mud,Alcoholic,Coffee / Tea,Coffee,Jack Daniels,Amaretto,Whipped cream,,,,,,,,,,,
493,Tequila Fizz,Alcoholic,Ordinary Drink,Tequila,Lemon juice,Grenadine,Egg white,Ginger ale,,,,,,,,,,
494,Tequila Sour,Alcoholic,Ordinary Drink,Tequila,Lemon,Powdered sugar,Lemon,Cherry,,,,,,,,,,
495,Tequila Sunrise,Alcoholic,Cocktail,Tequila,Orange juice,Grenadine,,,,,,,,,,,,
496,Tequila Surprise,Alcoholic,Shot,Tequila,Tabasco sauce,,,,,,,,,,,,,
497,Texas Rattlesnake,Alcoholic,Shot,Yukon Jack,Cherry brandy,Southern Comfort,Sweet and sour,,,,,,,,,,,
498,Texas Sling,Alcoholic,Milk / Float / Shake,Kahlua,Irish cream,Amaretto,151 proof rum,Cream,,,,,,,,,,
499,Thai Coffee,Non alcoholic,Coffee / Tea,Coffee,Coriander,Cardamom,Sugar,Whipping cream,Ice,,,,,,,,,
500,Thai Iced Coffee,Non alcoholic,Coffee / Tea,Coffee,Sugar,Cream,Cardamom,,,,,,,,,,,
501,Thai Iced Tea,Non alcoholic,Coffee / Tea,Tea,Water,Condensed milk,Ice,Mint,,,,,,,,,,
502,The Evil Blue Thing,Alcoholic,Cocktail,Creme de Cacao,Blue Curacao,Light rum,,,,,,,,,,,,
503,Thriller,Alcoholic,Ordinary Drink,Scotch,Wine,Orange juice,,,,,,,,,,,,
504,Tia-Maria,Alcoholic,Homemade Liqueur,Water,Brown sugar,Coffee,Rum,Vanilla extract,,,,,,,,,,
505,Tom Collins,Alcoholic,Ordinary Drink,Gin,Lemon juice,Sugar,Club soda,Maraschino cherry,Orange,,,,,,,,,
506,Tomato Tang,Non alcoholic,Other/Unknown,Tomato juice,Lemon juice,Celery salt,,,,,,,,,,,,
507,Tommy's Margarita,Alcoholic,Ordinary Drink,Tequila,Lime Juice,Agave syrup,,,,,,,,,,,,
508,Turf Cocktail,Alcoholic,Ordinary Drink,Dry Vermouth,Gin,Anis,Bitters,Orange peel,,,,,,,,,,
509,Turkeyball,Alcoholic,Shot,Wild Turkey,Amaretto,Pineapple juice,,,,,,,,,,,,
510,Tuxedo Cocktail,Alcoholic,Ordinary Drink,Dry Vermouth,Gin,Maraschino liqueur,Anis,Orange bitters,Cherry,,,,,,,,,
511,Valencia Cocktail,Alcoholic,Ordinary Drink,Apricot brandy,Orange juice,Orange bitters,,,,,,,,,,,,
512,Vampiro,Alcoholic,Ordinary Drink,Tequila,Tomato Juice,Orange Juice,Lime Juice,Sugar Syrup,Salt,,,,,,,,,
513,Van Vleet,Alcoholic,Ordinary Drink,Light rum,Maple syrup,Lemon juice,,,,,,,,,,,,
514,Vermouth Cassis,Alcoholic,Ordinary Drink,Dry Vermouth,Creme de Cassis,Carbonated water,,,,,,,,,,,,
515,Vesper,Alcoholic,Cocktail,Gin,Vodka,Lillet Blanc,,,,,,,,,,,,
516,Vesuvio,Alcoholic,Ordinary Drink,Light rum,Sweet Vermouth,Lemon,Powdered sugar,Egg white,,,,,,,,,,
517,Veteran,Alcoholic,Ordinary Drink,Dark rum,Cherry brandy,,,,,,,,,,,,,
518,Victor,Alcoholic,Ordinary Drink,Gin,Sweet Vermouth,Brandy,,,,,,,,,,,,
519,Victory Collins,Alcoholic,Ordinary Drink,Vodka,Lemon juice,Grape juice,Powdered sugar,Orange,,,,,,,,,,
520,Vodka And Tonic,Alcoholic,Ordinary Drink,Vodka,Tonic water,,,,,,,,,,,,,
521,Vodka Fizz,Alcoholic,Other/Unknown,Vodka,Half-and-half,Limeade,Ice,Nutmeg,,,,,,,,,,
522,Vodka Martini,Alcoholic,Ordinary Drink,Vodka,Dry Vermouth,Olive,,,,,,,,,,,,
523,Vodka Russian,Alcoholic,Ordinary Drink,Vodka,Schweppes Russchian,,,,,,,,,,,,,
524,Waikiki Beachcomber,Alcoholic,Ordinary Drink,Triple sec,Gin,Pineapple juice,,,,,,,,,,,,
525,Whiskey Sour,Alcoholic,Ordinary Drink,Blended whiskey,Lemon,Powdered sugar,Cherry,Lemon,,,,,,,,,,
526,Whisky Mac,Alcoholic,Ordinary Drink,Scotch,Wine,,,,,,,,,,,,,
527,White Lady,Alcoholic,Ordinary Drink,Gin,Triple Sec,Lemon Juice,,,,,,,,,,,,
528,White Russian,Alcoholic,Ordinary Drink,Vodka,Coffee liqueur,Light cream,,,,,,,,,,,,
529,Whitecap Margarita,Alcoholic,Other/Unknown,Ice,Tequila,Cream of coconut,Lime juice,,,,,,,,,,,
530,Wine Cooler,Optional alcohol,Punch / Party Drink,Red wine,Lemon-lime soda,Ice,,,,,,,,,,,,
531,Wine Punch,Alcoholic,Punch / Party Drink,Red wine,Lemon,Orange juice,Orange,Pineapple juice,,,,,,,,,,
532,Yellow Bird,Alcoholic,Cocktail,White Rum,Galliano,Triple Sec,Lime Juice,,,,,,,,,,,
533,Yoghurt Cooler,Non alcoholic,Other/Unknown,Yoghurt,Fruit,Ice,,,,,,,,,,,,
534,Zambeer,Alcoholic,Soft Drink / Soda,Sambuca,Root beer,Ice,,,,,,,,,,,,
535,Zenmeister,Alcoholic,Ordinary Drink,Jägermeister,Root beer,,,,,,,,,,,,,
536,Ziemes Martini Apfelsaft,Alcoholic,Ordinary Drink,Vermouth,Apple juice,,,,,,,,,,,,,
537,Zima Blaster,Alcoholic,Ordinary Drink,Zima,Chambord raspberry liqueur,,,,,,,,,,,,,
538,Zimadori Zinger,Alcoholic,Punch / Party Drink,Midori melon liqueur,Zima,,,,,,,,,,,,,
539,Zinger,Alcoholic,Soft Drink / Soda,Peachtree schnapps,Surge,,,,,,,,,,,,,
540,Zipperhead,Alcoholic,Shot,Chambord raspberry liqueur,Vodka,Soda water,,,,,,,,,,,,
541,Zippy's Revenge,Alcoholic,Cocktail,Amaretto,Rum,Kool-Aid,,,,,,,,,,,,
542,Zizi Coin-coin,Alcoholic,Punch / Party Drink,Cointreau,Lemon juice,Ice,Lemon,,,,,,,,,,,
543,Zoksel,Alcoholic,Soft Drink / Soda,Beer,Root beer,Lemonade,Coca-Cola,7-Up,Creme de Cassis,Lemon,,,,,,,,
544,Zorbatini,Alcoholic,Cocktail,Vodka,Ouzo,,,,,,,,,,,,,
545,Zorro,Alcoholic,Coffee / Tea,Sambuca,Bailey's irish cream,White Creme de Menthe,,,,,,,,,,,,
